Timestamp,CPU,Latency,PacketLoss,Status
0,36.49,68.89,1.32,normal
1,70.61,171.47,4.34,risk
2,68.89,164.08,3.04,risk
3,71.74,160.66,2.67,risk
4,69.86,165.44,3.95,risk
5,71.04,160.64,4.42,risk
6,67.97,159.34,4.15,risk
7,67.96,149.22,4.7,risk
8,68.61,156.28,4.2,risk
9,63.86,145.5,3.75,normal
10,65.61,152.6,4.2,risk
11,67.88,140.54,4.75,risk
12,71.41,133.35,5.17,risk
13,72.3,141.14,5.57,risk
14,62.87,98.06,2.84,normal
15,62.69,96.3,3.02,normal
16,60.27,92.28,3.48,normal
17,61.25,93.06,3.96,normal
18,59.15,90.44,3.77,normal
19,54.76,90.48,3.65,normal
20,53.73,84.06,3.57,normal
21,54.94,86.12,3.53,normal
22,49.18,85.91,3.56,normal
23,56.57,84.37,3.71,normal
24,60.0,90.39,4.11,risk
25,57.27,95.08,5.2,risk
26,36.62,59.23,2.32,normal
27,35.11,63.52,1.86,normal
28,33.95,56.43,1.68,normal
29,35.61,67.35,2.95,normal
30,31.29,76.87,3.6,normal
31,28.69,81.81,4.21,risk
32,29.37,88.59,4.3,risk
33,25.72,94.47,3.82,normal
34,28.03,104.61,4.03,risk
35,30.85,93.66,3.65,normal
36,33.49,91.74,4.25,risk
37,35.1,80.49,4.23,risk
38,35.23,79.39,4.17,risk
39,37.45,75.77,4.56,risk
40,34.67,71.67,4.91,risk
41,34.95,73.51,4.51,risk
42,38.12,73.92,4.95,risk
43,41.32,81.17,4.64,risk
44,41.39,88.14,5.36,risk
45,41.41,90.0,5.45,risk
46,41.91,83.15,5.43,risk
47,67.64,141.45,7.85,risk
48,65.5,146.88,7.49,risk
49,66.15,164.04,7.8,risk
50,60.07,165.53,7.47,risk
51,62.63,169.57,7.91,risk
52,61.2,164.34,8.79,failure
53,62.42,181.32,9.31,failure
54,66.22,175.66,9.53,failure
55,68.54,149.73,9.02,failure
56,73.44,138.28,8.8,failure
57,73.83,147.59,8.8,failure
58,74.43,142.79,8.84,failure
59,73.27,155.48,8.22,failure
60,72.82,160.18,8.36,failure
61,70.95,155.47,8.78,failure
62,73.65,157.93,9.19,failure
63,75.54,163.9,9.49,failure
64,79.37,159.17,9.77,failure
65,78.76,165.78,10.17,failure
66,59.1,141.38,8.56,failure
67,58.17,156.68,9.09,failure
68,61.78,147.1,9.47,failure
69,63.79,141.51,9.47,failure
70,62.86,147.94,9.78,failure
71,66.93,144.48,9.88,failure
72,70.39,140.66,9.55,failure
73,74.48,124.36,10.33,failure
74,73.57,124.32,9.99,failure
75,73.42,134.49,10.38,failure
76,44.54,105.58,6.53,risk
77,45.91,107.37,6.54,risk
78,45.99,111.36,7.26,risk
79,48.86,118.34,7.35,risk
80,55.43,111.87,6.93,risk
81,53.63,105.8,7.01,risk
82,54.66,120.81,7.49,risk
83,52.93,110.24,8.4,failure
84,56.47,106.49,7.54,risk
85,60.53,105.57,8.16,failure
86,60.54,105.95,7.94,risk
87,62.41,106.91,8.2,failure
88,57.81,117.13,8.36,failure
89,55.57,126.57,8.4,failure
90,54.82,134.34,8.72,failure
91,58.92,142.81,7.84,risk
92,58.12,148.55,8.59,failure
93,58.34,134.92,8.56,failure
94,52.14,134.21,7.91,risk
95,54.15,137.14,7.44,risk
96,41.42,110.85,5.42,risk
97,42.94,99.38,5.32,risk
98,42.63,99.72,5.58,risk
99,46.24,106.53,5.27,risk
100,44.6,96.7,6.45,risk
101,43.67,103.52,5.96,risk
102,40.75,104.15,6.72,risk
103,33.38,102.66,6.7,risk
104,31.06,99.85,6.81,risk
105,33.79,92.86,6.81,risk
106,32.47,105.51,6.61,risk
107,30.47,90.2,7.08,risk
108,29.38,88.3,6.85,risk
109,27.51,81.67,6.58,risk
110,20.0,87.14,6.78,risk
111,19.74,81.35,6.51,risk
112,25.87,94.31,6.98,risk
113,23.59,96.55,5.61,risk
114,19.01,102.93,5.04,risk
115,19.82,101.74,4.83,risk
116,18.01,107.82,5.39,risk
117,20.33,93.66,4.87,risk
118,20.84,94.38,5.11,risk
119,25.58,89.62,5.41,risk
120,27.21,97.9,4.3,risk
121,28.29,95.9,4.95,risk
122,31.44,89.15,4.16,risk
123,31.49,96.29,4.21,risk
124,31.99,100.84,3.77,normal
125,30.79,108.57,3.82,normal
126,27.51,102.03,4.57,risk
127,28.72,112.33,4.35,risk
128,31.61,120.12,5.04,risk
129,34.64,111.65,4.78,risk
130,8.88,26.45,2.18,normal
131,16.81,30.29,2.29,normal
132,22.46,41.06,3.09,normal
133,20.92,33.14,3.02,normal
134,21.09,41.89,2.18,normal
135,25.68,33.8,1.35,normal
136,21.81,23.44,1.18,normal
137,26.82,21.47,1.05,normal
138,51.08,77.72,6.85,risk
139,54.46,71.33,6.77,risk
140,52.42,72.52,6.38,risk
141,54.45,93.08,5.83,risk
142,58.61,71.81,4.79,risk
143,54.89,74.13,4.66,risk
144,57.39,63.51,4.48,risk
145,57.18,62.8,4.5,risk
146,57.48,61.76,4.75,risk
147,54.32,68.27,4.28,risk
148,47.98,29.82,2.87,normal
149,45.16,32.43,2.24,normal
150,43.59,40.82,1.89,normal
151,39.37,30.58,2.77,normal
152,40.0,29.8,2.49,normal
153,27.17,10.0,0.0,normal
154,5.0,10.0,0.0,normal
155,5.3,13.27,0.0,normal
156,6.07,21.13,0.83,normal
157,5.0,10.0,0.0,normal
158,5.0,14.65,0.0,normal
159,5.0,19.24,0.0,normal
160,5.29,20.67,0.3,normal
161,5.0,10.0,0.8,normal
162,5.54,10.0,1.78,normal
163,5.4,14.0,2.05,normal
164,5.0,23.15,1.39,normal
165,5.0,29.68,1.7,normal
166,5.0,34.75,0.94,normal
167,30.46,99.14,5.78,risk
168,30.34,104.59,5.79,risk
169,30.43,105.36,5.56,risk
170,31.1,101.53,6.19,risk
171,28.41,113.1,6.29,risk
172,29.22,120.22,6.33,risk
173,32.41,116.08,7.03,risk
174,31.08,127.71,7.82,risk
175,29.51,116.95,7.36,risk
176,29.4,118.83,8.14,failure
177,26.41,126.7,8.03,failure
178,23.04,129.76,8.11,failure
179,24.52,124.66,7.85,risk
180,22.6,134.17,8.56,failure
181,20.89,129.75,8.88,failure
182,25.54,144.12,8.57,failure
183,24.37,146.41,8.74,failure
184,23.84,140.02,8.05,failure
185,21.65,135.88,8.16,failure
186,29.23,131.63,7.91,risk
187,32.36,136.31,7.73,risk
188,34.82,140.36,8.27,failure
189,38.33,139.03,8.34,failure
190,58.74,212.9,13.3,failure
191,62.58,218.92,12.62,failure
192,63.38,215.71,12.89,failure
193,63.52,217.12,13.1,failure
194,39.36,149.84,8.29,failure
195,31.92,109.19,6.01,risk
196,34.12,117.83,5.16,risk
197,32.9,107.99,5.07,risk
198,36.27,118.47,4.96,risk
199,32.82,108.65,5.79,risk
200,60.29,169.11,10.03,failure
201,58.29,171.85,10.25,failure
202,60.21,182.49,10.35,failure
203,62.34,177.08,11.25,failure
204,62.73,171.63,11.67,failure
205,60.77,168.01,10.46,failure
206,63.12,171.41,9.98,failure
207,62.98,171.38,9.4,failure
208,62.32,171.6,9.5,failure
209,56.19,163.59,9.36,failure
210,83.52,211.29,13.69,failure
211,86.3,214.43,14.03,failure
212,86.64,222.03,13.93,failure
213,90.59,219.08,14.03,failure
214,87.5,214.84,14.34,failure
215,90.89,207.38,14.72,failure
216,100.0,279.65,15.0,failure
217,100.0,275.78,15.0,failure
218,100.0,284.16,15.0,failure
219,98.62,282.78,15.0,failure
220,100.0,293.82,14.69,failure
221,100.0,289.42,14.35,failure
222,99.92,298.8,14.62,failure
223,98.81,307.99,13.75,failure
224,94.93,317.28,13.52,failure
225,95.97,317.89,12.88,failure
226,91.3,314.47,13.63,failure
227,93.85,311.89,14.67,failure
228,78.97,246.97,13.42,failure
229,78.38,245.92,12.9,failure
230,76.62,246.0,12.97,failure
231,77.97,229.19,14.44,failure
232,75.16,234.35,14.58,failure
233,73.21,238.72,14.12,failure
234,49.15,200.27,11.57,failure
235,50.07,205.38,11.0,failure
236,50.98,199.35,10.97,failure
237,51.97,212.26,11.2,failure
238,55.53,202.44,11.49,failure
239,42.77,162.92,9.37,failure
240,40.11,175.34,8.59,failure
241,39.2,176.69,8.24,failure
242,17.34,132.22,6.07,risk
243,20.72,140.4,7.29,risk
244,22.5,147.23,7.67,risk
245,23.34,141.2,7.53,risk
246,20.38,132.37,7.62,risk
247,24.55,124.45,8.09,failure
248,26.2,116.7,8.15,failure
249,22.2,103.96,8.37,failure
250,22.87,114.87,8.43,failure
251,21.59,115.26,8.45,failure
252,17.38,129.26,7.83,risk
253,15.3,126.9,8.45,failure
254,12.79,144.06,7.86,risk
255,38.35,219.0,11.43,failure
256,42.73,205.52,11.59,failure
257,42.72,194.04,10.63,failure
258,43.63,189.76,9.82,failure
259,45.32,180.96,9.47,failure
260,43.04,181.23,9.16,failure
261,45.15,184.93,10.21,failure
262,47.23,200.5,10.08,failure
263,52.41,192.57,10.4,failure
264,57.16,190.12,11.06,failure
265,53.52,185.85,10.35,failure
266,53.74,192.09,10.39,failure
267,57.42,187.87,10.57,failure
268,54.21,180.75,10.22,failure
269,53.49,173.97,9.42,failure
270,56.0,174.22,9.54,failure
271,56.0,170.71,10.13,failure
272,57.7,175.5,9.87,failure
273,56.99,167.21,10.53,failure
274,56.32,168.79,11.76,failure
275,55.42,148.59,11.79,failure
276,56.94,149.02,10.89,failure
277,55.0,151.28,10.5,failure
278,31.68,85.44,8.43,failure
279,31.49,80.53,8.28,failure
280,31.97,80.56,8.5,failure
281,35.54,60.12,8.97,failure
282,31.44,58.33,8.38,failure
283,44.93,139.33,9.5,failure
284,41.95,139.08,8.52,failure
285,48.13,129.54,8.5,failure
286,41.22,125.98,8.06,failure
287,34.39,135.12,7.5,risk
288,34.13,142.49,8.21,failure
289,37.77,137.37,8.29,failure
290,38.04,151.14,8.18,failure
291,38.31,144.72,8.83,failure
292,40.35,153.98,8.6,failure
293,55.27,245.8,11.93,failure
294,51.01,257.81,11.77,failure
295,50.26,261.46,12.85,failure
296,48.33,268.88,12.88,failure
297,49.13,273.19,13.41,failure
298,46.0,257.46,14.44,failure
299,42.69,255.69,14.3,failure
300,45.27,251.02,14.22,failure
301,46.12,254.95,14.59,failure
302,46.66,244.58,14.79,failure
303,44.71,254.48,14.8,failure
304,45.43,275.3,15.0,failure
305,40.15,285.62,15.0,failure
306,39.52,278.81,14.71,failure
307,41.28,269.24,14.93,failure
308,40.88,269.36,14.54,failure
309,42.83,262.26,14.32,failure
310,48.01,259.06,14.43,failure
311,50.81,246.86,15.0,failure
312,49.15,267.32,14.72,failure
313,49.7,283.82,15.0,failure
314,52.04,279.41,14.59,failure
315,52.03,284.98,15.0,failure
316,48.6,283.43,14.64,failure
317,43.0,295.54,14.96,failure
318,39.93,310.37,15.0,failure
319,41.68,307.39,15.0,failure
320,40.21,298.43,15.0,failure
321,34.91,294.71,14.2,failure
322,36.45,290.44,13.62,failure
323,27.83,290.22,14.5,failure
324,26.02,293.98,14.0,failure
325,26.93,293.17,13.9,failure
326,26.25,296.11,14.36,failure
327,39.78,390.33,15.0,failure
328,34.49,382.11,15.0,failure
329,34.75,381.24,14.7,failure
330,31.42,385.77,14.03,failure
331,38.67,379.31,13.87,failure
332,40.57,375.71,14.38,failure
333,48.55,373.35,14.46,failure
334,48.31,366.71,13.83,failure
335,48.13,363.13,14.83,failure
336,24.21,333.65,13.22,failure
337,24.38,329.79,12.75,failure
338,25.35,327.77,12.6,failure
339,20.66,334.83,12.56,failure
340,21.55,328.82,12.35,failure
341,25.0,329.73,11.63,failure
342,30.62,338.37,11.41,failure
343,34.46,342.24,10.98,failure
344,33.46,339.01,10.51,failure
345,34.73,339.21,11.21,failure
346,13.14,296.26,7.96,failure
347,16.1,289.82,8.26,failure
348,21.53,292.63,8.11,failure
349,15.66,291.9,6.99,failure
350,17.3,285.18,6.7,failure
351,16.06,291.29,7.33,failure
352,15.76,301.09,7.35,failure
353,16.16,310.65,6.79,failure
354,14.96,314.84,6.54,failure
355,5.0,246.69,2.78,risk
356,6.05,250.61,3.1,failure
357,9.38,255.99,4.05,failure
358,12.7,255.02,2.97,failure
359,15.24,250.74,2.92,failure
360,17.37,247.26,3.18,risk
361,16.59,239.77,3.72,risk
362,39.73,312.56,7.4,failure
363,38.68,320.96,6.97,failure
364,39.96,328.15,7.42,failure
365,64.35,400.0,11.66,failure
366,61.57,400.0,12.15,failure
367,63.07,378.37,12.49,failure
368,64.6,389.36,12.42,failure
369,67.46,400.0,12.79,failure
370,66.73,393.25,13.88,failure
371,66.2,393.6,14.73,failure
372,63.97,383.04,14.42,failure
373,63.86,371.79,14.38,failure
374,64.11,360.13,14.22,failure
375,61.85,345.13,14.28,failure
376,62.49,339.11,14.12,failure
377,60.1,354.32,14.09,failure
378,57.98,342.21,13.19,failure
379,53.22,329.56,13.64,failure
380,51.77,330.74,14.44,failure
381,54.47,313.52,14.08,failure
382,54.07,314.14,13.97,failure
383,32.58,239.75,11.84,failure
384,17.39,210.09,9.41,failure
385,15.16,205.7,9.46,failure
386,18.96,198.77,9.94,failure
387,20.24,189.22,10.4,failure
388,24.42,187.22,10.55,failure
389,25.2,193.57,9.67,failure
390,28.29,202.59,9.13,failure
391,7.37,148.28,7.49,risk
392,6.92,142.57,8.05,failure
393,5.0,157.7,7.82,risk
394,5.0,174.24,8.38,failure
395,6.23,173.5,8.49,failure
396,5.0,161.61,8.76,failure
397,5.0,174.19,8.88,failure
398,5.0,167.2,8.25,failure
399,5.0,174.89,7.34,risk
400,5.0,193.57,7.49,risk
401,29.83,262.57,9.53,failure
402,30.59,266.31,10.08,failure
403,30.89,268.46,9.9,failure
404,32.02,268.23,10.47,failure
405,31.86,260.98,10.14,failure
406,25.46,286.08,10.67,failure
407,26.13,290.25,10.99,failure
408,25.53,289.04,10.89,failure
409,28.94,293.79,9.42,failure
410,28.88,290.68,9.98,failure
411,31.72,282.91,9.29,failure
412,34.58,287.01,9.66,failure
413,36.13,293.42,10.03,failure
414,37.18,301.98,10.02,failure
415,34.54,296.58,9.95,failure
416,28.86,298.28,9.95,failure
417,26.41,285.42,9.57,failure
418,28.9,283.87,9.44,failure
419,22.88,284.35,9.57,failure
420,13.83,285.82,10.47,failure
421,17.54,292.28,9.99,failure
422,20.72,314.36,10.18,failure
423,5.0,272.92,8.98,failure
424,5.0,273.04,9.46,failure
425,5.0,266.17,10.02,failure
426,7.19,262.27,10.53,failure
427,5.19,260.46,10.91,failure
428,5.0,220.66,8.7,failure
429,5.0,221.37,8.8,failure
430,6.85,231.0,8.73,failure
431,5.5,219.45,7.58,risk
432,5.0,218.27,7.35,risk
433,9.36,223.24,6.78,risk
434,11.37,214.67,6.0,risk
435,13.82,207.71,6.57,risk
436,5.0,167.03,4.6,risk
437,23.68,219.64,7.51,risk
438,30.91,225.92,7.5,risk
439,30.12,216.47,8.06,failure
440,31.44,216.63,8.4,failure
441,33.22,217.44,9.17,failure
442,33.71,217.85,9.26,failure
443,34.44,205.04,8.84,failure
444,34.13,191.9,8.75,failure
445,39.12,192.07,8.87,failure
446,35.34,187.13,8.68,failure
447,34.38,178.24,8.81,failure
448,39.12,170.12,8.4,failure
449,35.35,178.02,8.36,failure
450,32.85,194.74,7.56,risk
451,33.4,193.22,7.38,risk
452,26.76,205.48,6.67,risk
453,25.96,202.05,6.96,risk
454,21.17,205.75,7.97,risk
455,17.08,209.15,7.98,risk
456,22.49,207.63,8.34,failure
457,8.48,181.65,4.74,risk
458,10.36,171.49,4.4,risk
459,29.32,250.01,6.31,failure
460,31.56,248.56,5.99,risk
461,35.52,233.63,6.49,risk
462,29.61,240.77,5.89,risk
463,21.26,212.12,1.81,risk
464,16.64,227.99,2.09,risk
465,24.54,234.22,1.94,risk
466,28.78,230.98,1.76,risk
467,18.36,226.57,1.25,risk
468,18.4,232.25,1.88,risk
469,17.29,240.55,2.25,risk
470,34.54,334.9,3.96,failure
471,29.54,329.49,3.98,failure
472,26.28,320.81,4.32,failure
473,22.83,307.0,3.98,failure
474,21.44,310.7,4.37,failure
475,20.68,305.92,5.08,failure
476,20.94,299.45,4.67,failure
477,22.5,304.65,3.92,failure
478,21.35,306.66,4.91,failure
479,30.68,310.93,5.36,failure
480,31.37,314.91,5.69,failure
481,32.64,310.45,5.14,failure
482,33.96,316.68,5.37,failure
483,38.98,307.95,5.18,failure
484,38.1,307.37,4.42,failure
485,37.03,311.38,4.44,failure
486,39.12,314.75,4.69,failure
487,37.55,310.92,4.26,failure
488,40.72,315.85,4.6,failure
489,36.63,312.9,4.67,failure
490,33.54,302.08,3.91,failure
491,36.88,297.79,3.06,failure
492,36.41,293.4,3.14,failure
493,37.91,290.53,2.47,failure
494,35.02,282.87,2.64,failure
495,34.88,281.02,2.18,failure
496,29.34,273.59,1.43,failure
497,27.39,266.21,0.93,failure
498,25.22,267.63,0.66,failure
499,53.88,312.29,5.1,failure
500,49.16,319.69,5.43,failure
501,44.55,317.97,5.57,failure
502,41.96,331.54,5.59,failure
503,41.19,330.66,5.84,failure
504,38.59,329.53,6.0,failure
505,63.01,400.0,9.66,failure
506,47.77,369.28,8.0,failure
507,47.07,382.92,7.85,failure
508,48.29,386.54,7.15,failure
509,48.91,387.77,8.0,failure
510,49.37,393.91,7.15,failure
511,50.23,400.0,7.47,failure
512,52.72,391.86,6.66,failure
513,66.13,400.0,7.94,failure
514,64.65,400.0,7.31,failure
515,67.09,400.0,7.48,failure
516,66.1,395.1,6.94,failure
517,63.62,384.29,6.28,failure
518,65.27,382.25,6.22,failure
519,66.25,380.42,5.79,failure
520,67.35,377.91,6.25,failure
521,68.8,394.36,5.69,failure
522,49.69,330.39,2.93,failure
523,48.8,328.14,3.14,failure
524,49.12,315.92,2.44,failure
525,50.92,310.03,2.09,failure
526,44.64,321.33,2.76,failure
527,37.65,321.33,2.11,failure
528,39.3,339.09,2.23,failure
529,36.54,342.56,1.83,failure
530,63.04,388.11,3.91,failure
531,42.97,353.04,0.9,failure
532,44.05,355.75,0.0,failure
533,43.49,358.42,0.0,failure
534,42.94,352.83,0.0,failure
535,45.76,354.37,0.0,failure
536,44.87,365.14,0.0,failure
537,42.81,363.64,0.0,failure
538,73.74,400.0,3.65,failure
539,80.07,400.0,4.37,failure
540,80.33,400.0,4.58,failure
541,77.74,396.46,4.34,failure
542,78.33,398.95,5.19,failure
543,81.55,390.69,5.39,failure
544,79.01,385.47,4.84,failure
545,76.65,385.59,5.29,failure
546,73.93,397.75,5.55,failure
547,77.02,389.01,5.99,failure
548,73.49,381.85,6.29,failure
549,70.65,388.64,5.68,failure
550,68.56,393.29,5.81,failure
551,91.94,400.0,9.72,failure
552,93.96,397.66,9.48,failure
553,95.89,400.0,9.08,failure
554,95.6,395.97,9.69,failure
555,97.71,400.0,11.63,failure
556,100.0,400.0,12.44,failure
557,100.0,400.0,12.2,failure
558,100.0,400.0,12.1,failure
559,100.0,400.0,12.37,failure
560,99.8,394.78,12.96,failure
561,100.0,394.79,12.33,failure
562,96.06,400.0,12.53,failure
563,93.0,396.82,13.44,failure
564,94.57,400.0,13.86,failure
565,96.07,392.16,15.0,failure
566,91.1,396.47,15.0,failure
567,93.4,390.01,14.93,failure
568,94.4,396.4,15.0,failure
569,93.37,389.24,15.0,failure
570,94.24,389.84,15.0,failure
571,93.88,392.58,15.0,failure
572,91.88,391.16,14.67,failure
573,89.76,377.54,14.44,failure
574,86.72,371.45,14.25,failure
575,84.98,368.42,14.41,failure
576,79.22,367.22,15.0,failure
577,80.07,357.89,15.0,failure
578,61.25,314.77,10.88,failure
579,60.07,329.43,11.29,failure
580,61.25,314.01,11.15,failure
581,63.79,313.59,12.0,failure
582,66.64,310.66,11.15,failure
583,63.87,308.71,11.0,failure
584,69.58,321.72,12.11,failure
585,69.1,333.54,11.53,failure
586,67.34,326.84,11.22,failure
587,65.72,318.0,11.33,failure
588,63.57,316.15,11.92,failure
589,64.15,307.34,12.26,failure
590,61.63,300.24,12.53,failure
591,65.32,283.55,12.24,failure
592,62.51,278.2,12.38,failure
593,61.95,273.35,12.61,failure
594,78.44,344.88,15.0,failure
595,69.06,297.49,12.69,failure
596,47.33,274.21,9.84,failure
597,46.06,267.69,9.56,failure
598,50.34,262.78,9.73,failure
599,49.01,268.72,9.78,failure
600,83.03,349.89,14.23,failure
601,79.42,362.52,14.73,failure
602,76.75,370.16,15.0,failure
603,81.17,365.33,14.89,failure
604,84.16,361.6,15.0,failure
605,83.58,364.19,14.43,failure
606,83.84,340.26,14.33,failure
607,78.95,343.99,15.0,failure
608,76.1,357.97,15.0,failure
609,75.39,367.06,14.45,failure
610,73.8,358.6,15.0,failure
611,73.03,344.04,15.0,failure
612,68.92,359.94,15.0,failure
613,69.24,364.29,15.0,failure
614,98.84,400.0,15.0,failure
615,95.96,391.78,14.95,failure
616,96.4,386.34,15.0,failure
617,100.0,372.39,15.0,failure
618,99.8,375.99,14.78,failure
619,99.36,363.83,14.67,failure
620,93.77,372.06,14.88,failure
621,95.07,381.28,14.62,failure
622,94.86,374.47,15.0,failure
623,94.67,378.35,15.0,failure
624,100.0,400.0,15.0,failure
625,100.0,400.0,15.0,failure
626,97.11,398.35,15.0,failure
627,97.58,400.0,13.98,failure
628,98.86,400.0,13.29,failure
629,96.73,400.0,12.86,failure
630,93.12,396.83,13.02,failure
631,92.13,384.72,13.18,failure
632,92.8,390.26,12.55,failure
633,97.91,384.4,13.45,failure
634,98.61,382.41,14.05,failure
635,99.03,380.92,14.21,failure
636,100.0,400.0,15.0,failure
637,100.0,400.0,14.65,failure
638,100.0,396.21,14.69,failure
639,98.99,399.75,14.11,failure
640,92.25,400.0,13.95,failure
641,100.0,400.0,15.0,failure
642,81.39,357.49,13.84,failure
643,83.61,356.03,13.86,failure
644,83.9,352.0,14.03,failure
645,83.68,343.84,14.5,failure
646,81.79,344.4,15.0,failure
647,80.98,349.49,14.73,failure
648,75.02,344.61,15.0,failure
649,72.7,329.15,14.66,failure
650,73.45,319.66,14.97,failure
651,75.6,313.21,14.29,failure
652,80.3,306.34,14.56,failure
653,76.89,303.84,14.86,failure
654,79.17,294.67,15.0,failure
655,82.09,298.52,14.65,failure
656,80.96,296.87,14.95,failure
657,84.31,294.63,14.04,failure
658,78.8,288.35,14.61,failure
659,79.43,295.78,14.89,failure
660,81.42,289.99,15.0,failure
661,80.23,286.36,15.0,failure
662,85.1,293.7,14.14,failure
663,90.58,299.53,13.62,failure
664,88.16,305.21,14.16,failure
665,89.13,302.92,13.1,failure
666,100.0,368.32,15.0,failure
667,75.68,327.54,11.68,failure
668,73.36,327.54,11.78,failure
669,70.97,319.0,11.64,failure
670,76.67,320.96,11.69,failure
671,96.21,373.11,15.0,failure
672,95.49,373.48,14.55,failure
673,99.01,366.45,14.36,failure
674,99.71,371.62,14.25,failure
675,78.98,301.73,11.06,failure
676,80.81,323.86,11.11,failure
677,78.28,312.75,10.81,failure
678,78.19,314.95,11.34,failure
679,78.46,310.45,11.85,failure
680,82.08,319.59,11.45,failure
681,80.88,333.44,11.8,failure
682,66.61,299.96,9.33,failure
683,70.93,297.07,9.53,failure
684,59.19,239.93,7.46,risk
685,48.68,190.72,5.07,risk
686,51.42,178.36,5.86,risk
687,53.14,167.43,5.79,risk
688,55.26,165.49,5.28,risk
689,58.95,163.21,6.07,risk
690,57.39,160.49,6.29,risk
691,57.62,161.12,5.22,risk
692,54.16,147.62,4.33,risk
693,50.1,143.41,4.41,risk
694,51.3,144.46,4.38,risk
695,47.71,131.0,3.86,normal
696,49.23,125.17,4.95,risk
697,52.8,134.02,4.66,risk
698,55.39,135.13,3.88,normal
699,52.98,150.91,3.18,risk
700,54.49,162.82,4.32,risk
701,53.28,164.39,4.27,risk
702,54.59,144.13,4.61,risk
703,54.97,138.73,4.41,risk
704,53.32,137.55,4.83,risk
705,53.94,132.7,4.79,risk
706,48.61,141.21,4.92,risk
707,52.77,144.94,5.59,risk
708,59.58,152.05,5.88,risk
709,55.75,153.22,5.57,risk
710,57.84,144.09,5.51,risk
711,55.42,140.27,4.89,risk
712,46.64,156.69,5.43,risk
713,45.51,170.26,6.38,risk
714,46.03,159.56,6.17,risk
715,46.43,155.93,6.06,risk
716,46.59,147.44,5.71,risk
717,22.68,103.17,2.42,normal
718,14.75,100.59,2.48,normal
719,16.28,89.43,2.19,normal
720,18.14,97.76,1.49,normal
721,26.07,90.58,0.83,normal
722,27.58,87.79,0.59,normal
723,29.37,83.01,1.13,normal
724,32.97,85.27,1.29,normal
725,33.82,83.27,0.76,normal
726,34.29,83.32,0.96,normal
727,31.8,94.27,0.37,normal
728,35.23,80.41,0.0,normal
729,20.7,10.22,0.0,normal
730,23.34,10.0,0.69,normal
731,24.28,10.0,0.67,normal
732,6.55,10.0,0.0,normal
733,6.45,10.0,0.0,normal
734,36.11,84.63,4.67,risk
735,36.26,82.25,5.33,risk
736,32.45,84.54,4.91,risk
737,30.54,101.54,5.58,risk
738,30.75,91.19,5.23,risk
739,15.69,35.43,3.16,normal
740,21.4,41.46,3.4,normal
741,22.0,46.66,3.21,normal
742,21.17,50.27,2.98,normal
743,20.07,41.21,3.36,normal
744,17.65,27.66,3.64,normal
745,18.21,33.75,4.16,risk
746,19.36,27.17,4.43,risk
747,24.22,21.68,3.54,normal
748,22.72,10.33,3.12,normal
749,20.8,21.06,2.78,normal
750,16.28,11.81,2.77,normal
751,14.09,19.73,2.47,normal
752,12.4,23.11,2.64,normal
753,12.82,40.88,2.64,normal
754,15.79,35.96,2.58,normal
755,16.82,42.49,2.36,normal
756,5.0,10.0,0.0,normal
757,5.0,10.0,0.0,normal
758,6.81,10.0,1.24,normal
759,7.6,14.27,1.66,normal
760,11.26,22.73,2.1,normal
761,10.31,30.19,1.99,normal
762,13.51,41.81,1.53,normal
763,5.0,10.0,0.1,normal
764,5.0,10.0,0.0,normal
765,7.83,10.0,0.01,normal
766,8.47,10.0,0.0,normal
767,13.71,14.08,0.0,normal
768,8.74,11.8,0.04,normal
769,13.7,11.78,0.05,normal
770,9.47,10.0,0.29,normal
771,11.51,11.2,0.15,normal
772,11.61,10.0,0.0,normal
773,7.14,10.0,0.0,normal
774,5.0,10.0,0.0,normal
775,5.08,12.58,0.0,normal
776,26.81,66.8,4.46,risk
777,30.72,58.29,4.06,risk
778,31.43,47.69,3.73,normal
779,26.44,47.56,4.19,risk
780,23.27,39.09,3.73,normal
781,21.79,31.96,3.89,normal
782,23.25,28.22,3.49,normal
783,5.82,10.0,0.0,normal
784,5.33,11.7,0.0,normal
785,5.0,10.0,0.08,normal
786,5.1,10.0,0.41,normal
787,7.54,10.0,0.46,normal
788,6.39,10.0,0.26,normal
789,5.0,10.0,0.39,normal
790,5.0,19.37,0.0,normal
791,6.46,28.83,0.24,normal
792,9.57,17.45,0.0,normal
793,8.38,10.0,0.0,normal
794,11.31,10.0,0.8,normal
795,13.8,10.0,0.09,normal
796,17.69,10.0,0.0,normal
797,17.23,10.0,0.0,normal
798,17.21,10.0,0.0,normal
799,15.03,12.56,0.83,normal
800,10.86,13.82,0.28,normal
801,6.43,21.42,0.4,normal
802,5.0,19.85,0.55,normal
803,5.53,19.34,0.82,normal
804,5.96,26.13,1.17,normal
805,7.7,22.99,1.67,normal
806,5.0,10.0,0.0,normal
807,6.14,10.0,0.65,normal
808,7.03,22.97,0.32,normal
809,5.0,15.9,0.0,normal
810,5.0,10.0,0.0,normal
811,5.0,17.68,0.23,normal
812,7.01,29.91,0.67,normal
813,9.3,39.9,0.01,normal
814,8.25,33.72,0.2,normal
815,11.94,30.42,0.65,normal
816,13.55,33.85,0.51,normal
817,9.72,51.32,0.8,normal
818,9.44,49.41,1.36,normal
819,5.0,23.74,0.0,normal
820,12.45,33.76,0.0,normal
821,13.49,34.37,0.06,normal
822,16.84,46.44,0.0,normal
823,24.35,35.14,0.05,normal
824,23.97,28.53,0.0,normal
825,29.77,32.94,0.0,normal
826,33.31,26.07,0.0,normal
827,31.68,26.3,0.0,normal
828,38.85,29.32,0.0,normal
829,34.06,23.6,0.0,normal
830,34.42,18.2,0.59,normal
831,33.78,17.71,0.31,normal
832,30.07,10.0,0.17,normal
833,27.62,12.24,0.68,normal
834,25.44,29.43,1.49,normal
835,25.1,36.42,1.48,normal
836,22.79,26.58,1.57,normal
837,26.22,37.54,0.76,normal
838,26.6,43.22,0.87,normal
839,23.56,45.85,1.29,normal
840,22.38,39.71,1.67,normal
841,25.76,38.4,2.48,normal
842,25.48,36.44,1.89,normal
843,25.17,34.12,1.71,normal
844,24.07,34.51,1.68,normal
845,22.56,35.15,1.25,normal
846,22.02,36.45,1.34,normal
847,23.27,29.16,0.73,normal
848,25.22,35.65,0.65,normal
849,23.35,45.34,0.4,normal
850,21.32,36.59,0.11,normal
851,25.57,29.86,0.48,normal
852,21.76,29.08,0.0,normal
853,16.71,42.55,0.5,normal
854,17.12,21.59,0.36,normal
855,17.42,22.12,0.0,normal
856,21.43,25.07,0.0,normal
857,24.74,18.94,0.0,normal
858,24.0,21.49,0.11,normal
859,27.78,10.0,0.17,normal
860,24.93,10.0,0.0,normal
861,22.77,10.0,0.0,normal
862,18.78,10.0,0.0,normal
863,11.38,10.0,0.0,normal
864,5.0,10.0,0.0,normal
865,5.0,10.0,1.32,normal
866,5.0,15.88,1.66,normal
867,5.55,10.0,1.47,normal
868,5.0,10.0,0.0,normal
869,5.0,13.95,0.0,normal
870,5.0,10.0,0.0,normal
871,5.0,10.0,0.01,normal
872,8.28,17.23,1.01,normal
873,15.12,37.32,0.99,normal
874,15.57,52.78,1.63,normal
875,13.74,45.97,0.67,normal
876,14.8,56.9,1.21,normal
877,37.89,113.83,4.56,risk
878,41.11,115.51,4.67,risk
879,37.84,108.82,5.38,risk
880,40.83,106.53,5.76,risk
881,39.96,108.85,4.76,risk
882,39.56,104.66,4.08,risk
883,36.32,99.88,3.6,normal
884,42.6,87.78,4.18,risk
885,45.52,84.12,4.27,risk
886,47.05,80.68,3.53,normal
887,46.42,90.33,2.77,normal
888,43.47,83.99,2.56,normal
889,39.37,73.53,1.76,normal
890,37.48,79.39,1.66,normal
891,36.09,83.35,1.85,normal
892,53.84,152.13,6.01,risk
893,52.83,159.63,5.71,risk
894,55.63,168.4,6.25,risk
895,60.44,171.78,7.03,risk
896,63.02,157.35,7.12,risk
897,65.89,141.62,7.08,risk
898,62.43,134.86,6.53,risk
899,62.1,130.04,6.69,risk
900,60.87,132.31,7.2,risk
901,86.79,190.95,9.26,failure
902,83.52,192.03,9.76,failure
903,85.46,173.05,10.78,failure
904,72.06,147.68,8.67,failure
905,72.66,152.29,8.59,failure
906,70.79,155.0,8.14,failure
907,99.08,241.08,12.57,failure
908,100.0,249.66,12.13,failure
909,100.0,338.24,15.0,failure
910,99.69,333.16,15.0,failure
911,99.52,327.19,15.0,failure
912,92.95,324.5,15.0,failure
913,77.78,254.93,11.14,failure
914,72.43,237.08,11.25,failure
915,70.75,246.47,11.12,failure
916,66.68,248.26,11.39,failure
917,68.72,232.76,11.01,failure
918,51.34,182.72,9.71,failure
919,49.85,183.49,9.42,failure
920,53.13,169.82,9.79,failure
921,57.33,161.36,10.1,failure
922,58.48,154.92,9.53,failure
923,59.88,169.86,10.15,failure
924,61.79,173.46,10.6,failure
925,57.69,174.09,10.37,failure
926,56.08,168.86,10.8,failure
927,56.05,168.89,11.61,failure
928,52.34,174.29,11.85,failure
929,49.69,170.23,10.92,failure
930,46.6,161.88,11.36,failure
931,40.73,165.86,11.21,failure
932,40.58,169.77,11.28,failure
933,41.72,165.18,11.15,failure
934,45.8,162.35,10.57,failure
935,47.42,173.12,9.94,failure
936,50.53,184.86,10.43,failure
937,50.19,193.58,11.03,failure
938,46.92,199.94,10.94,failure
939,47.34,212.13,10.25,failure
940,50.54,205.94,10.32,failure
941,50.2,204.92,10.2,failure
942,47.32,211.9,10.93,failure
943,43.04,217.5,10.32,failure
944,42.31,220.97,9.98,failure
945,39.78,221.02,10.4,failure
946,38.26,214.22,10.26,failure
947,36.77,212.19,9.93,failure
948,33.2,209.8,9.76,failure
949,32.69,215.61,9.83,failure
950,38.02,211.92,9.45,failure
951,39.66,210.35,9.14,failure
952,43.69,209.48,9.83,failure
953,42.75,223.32,9.09,failure
954,40.55,217.96,8.65,failure
955,44.0,215.83,9.17,failure
956,40.48,234.03,9.05,failure
957,40.51,247.36,8.84,failure
958,36.44,250.68,9.16,failure
959,32.49,255.48,8.97,failure
960,28.15,255.01,8.23,failure
961,32.1,277.16,7.94,failure
962,37.34,274.03,7.82,failure
963,45.26,276.29,7.73,failure
964,51.9,280.74,7.2,failure
965,52.28,273.46,8.25,failure
966,51.31,264.19,8.35,failure
967,52.51,254.31,8.83,failure
968,48.73,260.17,9.29,failure
969,50.93,250.77,8.9,failure
970,53.62,259.82,8.56,failure
971,76.59,339.17,10.38,failure
972,78.12,349.35,10.44,failure
973,76.72,354.68,10.73,failure
974,80.94,350.81,11.21,failure
975,80.82,345.94,11.5,failure
976,56.66,323.41,11.27,failure
977,60.21,323.71,11.13,failure
978,54.11,340.61,10.74,failure
979,54.11,339.9,11.53,failure
980,54.51,338.96,10.99,failure
981,55.59,340.5,10.66,failure
982,46.29,341.53,10.39,failure
983,47.43,340.21,9.97,failure
984,49.19,337.25,10.17,failure
985,47.2,346.72,9.87,failure
986,49.55,338.99,10.0,failure
987,52.62,342.97,9.58,failure
988,56.7,343.18,9.6,failure
989,58.91,351.81,9.43,failure
990,62.54,351.54,9.26,failure
991,66.04,339.49,9.47,failure
992,63.84,337.02,9.03,failure
993,62.28,336.6,8.96,failure
994,60.02,320.25,8.91,failure
995,61.15,332.91,8.78,failure
996,60.98,330.22,8.45,failure
997,64.45,327.38,8.65,failure
998,61.63,336.64,8.64,failure
999,57.64,342.08,8.54,failure
1000,35.67,292.23,4.99,failure
1001,36.11,276.94,5.04,failure
1002,56.7,336.34,9.43,failure
1003,56.92,335.09,10.13,failure
1004,57.81,338.23,10.16,failure
1005,43.03,309.74,9.37,failure
1006,45.64,317.33,9.43,failure
1007,45.22,311.84,8.76,failure
1008,45.79,311.55,8.83,failure
1009,44.23,336.16,9.51,failure
1010,42.4,328.05,8.84,failure
1011,43.7,322.6,9.33,failure
1012,46.68,333.59,8.9,failure
1013,48.11,327.41,9.7,failure
1014,45.64,317.66,9.42,failure
1015,45.27,304.15,8.86,failure
1016,44.09,296.01,8.35,failure
1017,42.97,292.04,7.77,failure
1018,41.42,302.64,8.18,failure
1019,41.89,311.14,8.0,failure
1020,46.88,313.58,8.29,failure
1021,51.13,309.99,8.41,failure
1022,54.41,292.46,9.18,failure
1023,57.78,292.49,9.79,failure
1024,60.73,281.29,10.08,failure
1025,60.11,295.27,10.6,failure
1026,58.96,298.75,10.72,failure
1027,62.72,301.36,10.03,failure
1028,62.56,305.39,9.87,failure
1029,59.47,300.14,9.75,failure
1030,58.59,311.77,10.52,failure
1031,58.34,299.99,9.83,failure
1032,59.51,282.23,9.23,failure
1033,42.9,241.27,7.41,risk
1034,20.14,192.57,4.45,risk
1035,12.93,199.03,4.02,risk
1036,7.54,196.39,4.39,risk
1037,5.0,190.52,4.32,risk
1038,33.33,291.63,9.23,failure
1039,32.62,296.97,9.2,failure
1040,27.84,295.28,7.96,failure
1041,22.81,295.39,7.33,failure
1042,10.64,250.9,4.56,failure
1043,13.34,263.9,4.75,failure
1044,12.83,257.39,5.17,failure
1045,16.04,240.8,5.16,risk
1046,18.23,243.61,5.33,risk
1047,17.42,233.87,4.77,risk
1048,17.0,230.48,4.61,risk
1049,20.14,236.43,4.51,risk
1050,20.08,238.74,3.92,risk
1051,19.42,243.62,3.14,risk
1052,19.54,251.92,3.31,failure
1053,5.0,230.97,0.0,risk
1054,6.48,231.3,0.0,risk
1055,6.4,236.31,0.0,risk
1056,5.0,235.49,0.0,risk
1057,5.0,241.94,0.0,risk
1058,7.12,251.47,0.24,failure
1059,10.3,251.73,0.64,failure
1060,28.96,313.25,6.67,failure
1061,27.96,326.63,6.37,failure
1062,23.82,323.14,6.24,failure
1063,23.61,320.96,6.23,failure
1064,24.06,321.74,6.45,failure
1065,26.59,324.88,6.68,failure
1066,28.03,330.71,6.33,failure
1067,26.05,338.98,6.13,failure
1068,25.68,337.29,6.5,failure
1069,26.66,341.44,6.24,failure
1070,24.05,341.35,6.31,failure
1071,11.39,287.88,3.17,failure
1072,8.41,283.45,2.6,failure
1073,9.18,266.97,3.14,failure
1074,10.56,268.78,2.75,failure
1075,6.38,270.82,2.44,failure
1076,5.69,282.33,1.99,failure
1077,5.0,277.64,1.82,failure
1078,8.0,297.14,0.96,failure
1079,11.69,302.93,0.99,failure
1080,9.37,309.42,0.57,failure
1081,11.29,304.82,0.74,failure
1082,15.26,306.18,0.96,failure
1083,13.84,300.3,1.79,failure
1084,20.47,303.43,2.13,failure
1085,19.67,316.08,1.98,failure
1086,18.76,320.17,2.42,failure
1087,18.17,316.96,2.82,failure
1088,13.59,312.93,2.42,failure
1089,12.39,297.13,2.04,failure
1090,10.1,306.49,1.71,failure
1091,11.48,301.65,2.08,failure
1092,12.57,309.39,2.26,failure
1093,7.73,313.51,2.07,failure
1094,9.56,296.87,2.41,failure
1095,6.32,303.45,3.02,failure
1096,8.12,289.66,2.68,failure
1097,12.3,305.76,2.96,failure
1098,14.59,297.92,3.1,failure
1099,15.36,285.92,2.93,failure
1100,21.08,274.43,2.8,failure
1101,19.11,272.99,3.48,failure
1102,34.73,365.68,6.33,failure
1103,35.01,374.36,6.43,failure
1104,33.46,376.1,6.67,failure
1105,28.22,378.15,7.26,failure
1106,25.9,374.17,7.01,failure
1107,23.5,371.39,7.39,failure
1108,20.34,374.81,6.54,failure
1109,18.65,372.61,5.44,failure
1110,20.49,375.62,5.53,failure
1111,23.98,362.56,5.07,failure
1112,23.84,363.47,5.1,failure
1113,21.06,361.95,4.36,failure
1114,9.4,314.88,1.3,failure
1115,6.02,311.99,1.05,failure
1116,5.55,326.82,1.27,failure
1117,5.61,322.62,1.54,failure
1118,7.67,321.42,1.56,failure
1119,5.02,318.22,1.04,failure
1120,5.0,307.82,2.13,failure
1121,5.0,316.56,1.39,failure
1122,5.0,318.13,1.42,failure
1123,5.0,320.57,0.8,failure
1124,5.62,314.79,1.25,failure
1125,5.0,319.48,0.91,failure
1126,5.0,311.11,1.25,failure
1127,5.0,303.28,1.06,failure
1128,5.0,250.9,0.0,failure
1129,5.0,256.4,0.0,failure
1130,6.03,255.92,0.0,failure
1131,5.0,261.97,0.0,failure
1132,5.96,250.71,0.0,failure
1133,6.29,258.52,0.7,failure
1134,5.0,256.89,0.68,failure
1135,6.98,241.16,0.67,risk
1136,6.0,242.15,1.43,risk
1137,5.0,202.8,0.0,risk
1138,8.55,211.09,0.02,risk
1139,10.35,200.1,0.5,risk
1140,14.57,190.43,0.0,risk
1141,14.16,200.1,0.0,risk
1142,15.69,205.05,0.37,risk
1143,15.88,200.0,0.0,risk
1144,13.52,193.73,0.9,risk
1145,16.09,190.37,0.95,risk
1146,32.66,252.65,4.01,failure
1147,25.89,245.8,3.71,risk
1148,25.36,244.92,4.35,risk
1149,23.11,243.64,5.6,risk
1150,19.94,240.81,4.99,risk
1151,22.8,250.6,4.89,failure
1152,28.91,254.35,4.64,failure
1153,19.81,208.62,1.33,risk
1154,22.13,209.01,0.41,risk
1155,12.76,212.19,0.28,risk
1156,5.0,186.3,0.0,risk
1157,6.01,178.46,0.0,risk
1158,5.0,178.58,0.95,risk
1159,8.07,187.92,0.59,risk
1160,11.63,200.24,0.31,risk
1161,10.87,194.21,0.5,risk
1162,12.09,192.0,0.56,risk
1163,13.47,190.29,1.04,risk
1164,9.66,187.26,1.49,risk
1165,9.77,192.54,2.38,risk
1166,12.89,193.28,2.12,risk
1167,5.23,196.4,2.04,risk
1168,5.0,200.22,2.9,risk
1169,5.0,193.73,3.09,risk
1170,5.0,200.65,3.16,risk
1171,5.9,217.33,2.66,risk
1172,8.25,212.85,1.24,risk
1173,12.33,207.99,2.03,risk
1174,11.8,208.65,1.96,risk
1175,15.19,216.74,1.94,risk
1176,15.02,209.36,1.94,risk
1177,10.59,214.91,2.3,risk
1178,5.4,225.58,3.55,risk
1179,5.54,215.03,3.56,risk
1180,6.61,211.04,3.08,risk
1181,5.59,206.53,2.34,risk
1182,5.0,205.18,2.37,risk
1183,5.0,218.87,2.63,risk
1184,26.64,255.67,6.21,failure
1185,28.47,274.48,5.94,failure
1186,32.31,272.37,5.03,failure
1187,33.12,271.3,5.11,failure
1188,21.81,218.36,2.63,risk
1189,5.0,188.26,0.75,risk
1190,5.0,169.02,0.07,risk
1191,5.0,168.57,0.0,risk
1192,5.64,165.9,0.65,risk
1193,11.49,155.93,0.91,risk
1194,11.83,155.49,1.15,risk
1195,14.1,145.53,1.14,normal
1196,7.29,143.85,0.69,normal
1197,37.81,223.18,3.26,risk
1198,38.13,220.63,3.57,risk
1199,37.89,235.74,3.49,risk
1200,39.99,229.05,3.65,risk
1201,36.08,229.28,3.99,risk
1202,37.45,246.07,3.93,risk
1203,39.22,232.09,3.97,risk
1204,40.12,233.21,3.83,risk
1205,39.8,237.29,3.51,risk
1206,40.68,235.38,3.3,risk
1207,46.14,216.95,3.12,risk
1208,49.45,228.48,3.23,risk
1209,46.92,209.0,3.57,risk
1210,43.17,206.88,3.59,risk
1211,21.83,155.28,0.92,risk
1212,22.77,160.6,1.25,risk
1213,28.08,165.9,0.7,risk
1214,23.71,180.83,0.0,risk
1215,22.66,165.88,0.21,risk
1216,19.98,170.9,0.0,risk
1217,24.7,164.59,0.0,risk
1218,5.0,141.74,0.0,normal
1219,5.0,136.51,0.0,normal
1220,6.08,129.22,0.64,normal
1221,5.0,122.68,0.8,normal
1222,7.02,110.68,0.06,normal
1223,12.03,92.55,0.0,normal
1224,7.84,80.39,0.23,normal
1225,10.86,80.69,0.77,normal
1226,10.4,89.17,0.32,normal
1227,9.24,102.54,0.0,normal
1228,13.01,105.79,0.0,normal
1229,10.33,110.96,0.0,normal
1230,12.26,111.61,0.0,normal
1231,9.68,121.06,0.2,normal
1232,9.99,102.55,1.04,normal
1233,11.31,112.51,2.15,normal
1234,11.32,100.15,2.4,normal
1235,13.82,86.82,1.65,normal
1236,14.23,87.02,1.29,normal
1237,16.66,86.03,1.6,normal
1238,14.22,102.88,1.61,normal
1239,10.09,109.69,2.23,normal
1240,13.02,109.69,2.57,normal
1241,6.56,122.92,2.88,normal
1242,5.0,135.9,3.88,normal
1243,6.18,129.53,3.9,normal
1244,7.79,131.98,3.4,normal
1245,9.35,141.2,2.79,normal
1246,6.01,136.15,2.32,normal
1247,5.0,133.58,1.52,normal
1248,5.0,137.16,1.62,normal
1249,8.28,154.58,1.72,risk
1250,9.03,157.78,2.97,risk
1251,8.21,155.24,3.03,risk
1252,5.0,150.54,2.21,risk
1253,5.0,139.12,2.24,normal
1254,7.46,145.66,2.72,normal
1255,11.12,146.54,2.51,normal
1256,7.08,139.65,3.2,normal
1257,10.14,142.38,3.95,normal
1258,18.07,147.17,3.98,normal
1259,20.23,148.61,3.84,normal
1260,22.84,144.63,4.13,risk
1261,18.31,158.29,3.74,risk
1262,14.3,168.98,4.52,risk
1263,15.26,168.22,4.35,risk
1264,42.28,262.08,7.14,failure
1265,42.56,267.7,7.08,failure
1266,44.68,269.53,7.39,failure
1267,41.37,273.61,7.03,failure
1268,37.85,276.45,6.6,failure
1269,41.05,270.35,6.79,failure
1270,38.51,277.42,7.02,failure
1271,34.81,285.02,7.65,failure
1272,32.34,283.0,7.67,failure
1273,57.9,361.82,11.74,failure
1274,56.45,361.46,11.73,failure
1275,58.5,361.97,11.55,failure
1276,81.02,400.0,14.11,failure
1277,78.41,400.0,13.82,failure
1278,73.96,396.99,12.99,failure
1279,74.29,381.48,13.43,failure
1280,73.2,395.17,13.79,failure
1281,67.43,384.42,13.59,failure
1282,74.15,376.91,13.12,failure
1283,78.73,371.09,13.07,failure
1284,100.0,400.0,15.0,failure
1285,99.95,378.3,14.93,failure
1286,76.47,353.83,10.83,failure
1287,73.18,354.54,11.32,failure
1288,77.91,344.84,12.4,failure
1289,72.33,340.81,12.68,failure
1290,69.07,338.33,13.39,failure
1291,69.12,342.06,13.78,failure
1292,44.82,323.26,10.03,failure
1293,42.19,321.79,8.79,failure
1294,40.3,322.21,8.41,failure
1295,41.38,332.87,8.87,failure
1296,39.57,336.85,9.14,failure
1297,41.49,332.3,8.96,failure
1298,40.33,314.65,9.66,failure
1299,36.3,306.63,9.49,failure
1300,35.83,309.09,9.19,failure
1301,13.06,281.08,8.05,failure
1302,20.24,274.94,8.01,failure
1303,18.87,266.63,8.22,failure
1304,21.3,273.83,7.76,failure
1305,23.22,271.28,7.04,failure
1306,27.51,269.45,7.26,failure
1307,30.48,263.67,7.09,failure
1308,33.12,262.9,7.24,failure
1309,31.47,263.91,7.63,failure
1310,34.05,255.27,8.67,failure
1311,31.69,254.05,9.44,failure
1312,31.68,261.86,9.64,failure
1313,33.05,271.43,9.47,failure
1314,31.44,280.41,8.83,failure
1315,33.59,278.17,8.58,failure
1316,60.34,340.95,11.11,failure
1317,58.61,341.21,11.15,failure
1318,55.11,335.44,12.54,failure
1319,51.99,318.82,12.42,failure
1320,46.05,306.83,12.87,failure
1321,49.42,317.95,13.77,failure
1322,46.96,314.54,13.64,failure
1323,46.39,313.16,14.19,failure
1324,49.11,313.74,15.0,failure
1325,44.8,309.62,14.94,failure
1326,44.73,298.24,15.0,failure
1327,46.99,285.52,14.67,failure
1328,47.34,275.24,15.0,failure
1329,43.04,272.31,15.0,failure
1330,42.79,274.76,14.78,failure
1331,43.34,260.33,14.95,failure
1332,39.49,272.14,15.0,failure
1333,38.8,282.56,15.0,failure
1334,37.15,286.64,14.59,failure
1335,41.65,281.61,13.28,failure
1336,42.05,279.0,12.61,failure
1337,41.21,263.8,12.55,failure
1338,43.56,256.62,12.16,failure
1339,42.18,238.59,12.33,failure
1340,38.88,233.64,11.58,failure
1341,35.87,228.05,11.64,failure
1342,20.79,204.96,9.51,failure
1343,23.21,188.39,10.01,failure
1344,19.81,180.12,10.32,failure
1345,20.96,177.84,10.69,failure
1346,21.68,169.88,9.98,failure
1347,22.04,163.05,10.07,failure
1348,7.48,136.19,7.3,risk
1349,5.14,139.7,6.62,risk
1350,8.33,137.63,7.25,risk
1351,9.81,127.85,7.96,risk
1352,7.52,125.4,8.04,failure
1353,5.0,34.97,4.59,risk
1354,23.8,91.67,9.39,failure
1355,27.31,96.3,9.62,failure
1356,25.25,102.87,9.15,failure
1357,27.34,98.73,8.64,failure
1358,22.08,97.31,8.68,failure
1359,20.98,100.44,8.97,failure
1360,22.17,94.46,8.83,failure
1361,17.96,93.6,9.39,failure
1362,17.05,104.37,9.29,failure
1363,21.47,116.17,9.19,failure
1364,5.0,58.18,8.67,failure
1365,5.0,10.0,6.79,risk
1366,5.0,10.0,7.59,risk
1367,5.31,10.0,7.72,risk
1368,9.72,10.0,6.8,risk
1369,13.7,10.0,7.67,risk
1370,16.44,13.37,7.64,risk
1371,11.34,10.0,7.74,risk
1372,13.38,17.7,7.12,risk
1373,19.97,23.84,7.12,risk
1374,15.66,22.04,5.93,risk
1375,5.0,10.0,1.63,normal
1376,22.65,68.56,3.57,normal
1377,20.41,62.47,3.37,normal
1378,19.22,62.14,2.82,normal
1379,24.61,54.31,3.72,normal
1380,27.93,55.92,3.85,normal
1381,26.9,51.56,4.76,risk
1382,23.09,63.85,4.7,risk
1383,23.99,70.51,4.39,risk
1384,26.58,48.85,4.03,risk
1385,23.81,51.94,4.38,risk
1386,24.91,52.93,4.84,risk
1387,27.24,47.71,4.57,risk
1388,29.39,47.3,4.58,risk
1389,29.82,33.26,4.23,risk
1390,31.24,27.63,4.11,risk
1391,32.64,35.61,4.67,risk
1392,36.21,34.44,3.57,normal
1393,32.01,31.13,3.58,normal
1394,35.23,42.56,4.3,risk
1395,36.08,50.95,4.26,risk
1396,37.79,59.64,4.42,risk
1397,30.31,53.18,4.31,risk
1398,27.18,67.45,5.15,risk
1399,24.53,72.37,5.41,risk
1400,26.96,75.02,6.88,risk
1401,23.88,61.34,6.68,risk
1402,20.87,53.96,6.2,risk
1403,22.43,61.11,5.82,risk
1404,16.6,42.04,5.99,risk
1405,18.08,48.59,5.89,risk
1406,11.71,51.9,6.96,risk
1407,12.55,51.65,6.98,risk
1408,9.26,58.22,7.42,risk
1409,34.3,124.46,12.01,failure
1410,37.66,134.05,11.2,failure
1411,35.56,152.04,10.74,failure
1412,30.64,147.66,10.87,failure
1413,25.53,149.73,10.63,failure
1414,21.26,146.08,9.72,failure
1415,24.82,142.33,9.52,failure
1416,23.42,141.62,11.01,failure
1417,23.09,137.19,10.65,failure
1418,23.07,128.18,10.22,failure
1419,21.8,124.3,10.45,failure
1420,16.63,130.69,10.41,failure
1421,39.05,197.05,15.0,failure
1422,46.64,189.1,14.44,failure
1423,44.38,189.28,15.0,failure
1424,42.52,196.47,14.59,failure
1425,48.06,211.93,14.72,failure
1426,51.35,205.49,14.45,failure
1427,47.38,194.69,14.22,failure
1428,49.03,188.82,14.07,failure
1429,44.15,182.99,13.98,failure
1430,39.72,197.43,13.66,failure
1431,39.43,187.48,13.89,failure
1432,62.34,249.86,15.0,failure
1433,57.92,254.44,15.0,failure
1434,56.33,248.76,15.0,failure
1435,51.38,254.62,14.64,failure
1436,50.09,261.07,15.0,failure
1437,55.8,257.8,15.0,failure
1438,54.31,271.51,14.48,failure
1439,53.49,284.22,14.41,failure
1440,52.63,293.43,14.29,failure
1441,51.68,303.76,13.65,failure
1442,54.7,288.82,13.33,failure
1443,53.97,296.9,12.66,failure
1444,51.5,286.89,13.46,failure
1445,49.55,286.92,13.16,failure
1446,28.86,215.52,9.98,failure
1447,30.62,210.89,9.94,failure
1448,27.43,210.48,10.89,failure
1449,56.35,278.13,15.0,failure
1450,87.18,323.0,15.0,failure
1451,84.67,312.97,14.72,failure
1452,84.61,312.5,15.0,failure
1453,87.49,307.46,14.85,failure
1454,87.48,310.65,15.0,failure
1455,82.14,316.36,14.88,failure
1456,86.97,327.19,15.0,failure
1457,91.3,334.17,15.0,failure
1458,91.19,327.34,15.0,failure
1459,91.36,322.89,15.0,failure
1460,92.29,313.87,14.42,failure
1461,93.26,302.96,14.16,failure
1462,98.07,312.75,13.37,failure
1463,95.28,318.88,13.16,failure
1464,100.0,367.05,15.0,failure
1465,98.33,369.68,15.0,failure
1466,89.98,378.47,15.0,failure
1467,89.2,382.35,15.0,failure
1468,84.55,387.68,14.93,failure
1469,82.18,394.68,15.0,failure
1470,86.05,400.0,14.87,failure
1471,86.14,387.91,15.0,failure
1472,80.51,386.18,14.37,failure
1473,80.68,400.0,14.47,failure
1474,76.84,391.78,14.43,failure
1475,85.01,386.18,14.32,failure
1476,81.23,393.22,14.3,failure
1477,84.5,400.0,13.29,failure
1478,78.89,392.66,12.84,failure
1479,83.08,388.12,13.0,failure
1480,100.0,400.0,15.0,failure
1481,95.04,400.0,15.0,failure
1482,96.82,400.0,14.8,failure
1483,98.37,395.78,15.0,failure
1484,98.47,382.33,15.0,failure
1485,99.9,393.26,14.63,failure
1486,97.27,398.54,14.44,failure
1487,91.05,391.71,14.24,failure
1488,92.7,380.99,13.87,failure
1489,92.35,389.67,13.88,failure
1490,91.84,394.5,14.57,failure
1491,92.92,391.19,14.21,failure
1492,95.11,383.74,14.23,failure
1493,97.17,381.47,13.22,failure
1494,96.93,389.4,13.59,failure
1495,97.82,400.0,12.85,failure
1496,100.0,393.25,11.98,failure
1497,100.0,383.09,12.56,failure
1498,96.13,379.83,12.57,failure
1499,97.82,370.91,11.7,failure
1500,97.21,395.86,11.69,failure
1501,93.84,397.14,12.02,failure
1502,94.58,400.0,11.71,failure
1503,98.44,397.94,11.85,failure
1504,100.0,394.39,11.42,failure
1505,98.07,393.45,11.43,failure
1506,74.77,326.85,8.24,failure
1507,77.67,330.34,8.44,failure
1508,77.92,332.07,8.76,failure
1509,78.22,338.1,8.74,failure
1510,81.28,343.32,9.16,failure
1511,81.79,340.72,9.12,failure
1512,84.41,360.13,9.36,failure
1513,83.56,358.07,9.8,failure
1514,88.62,355.43,9.76,failure
1515,88.56,346.73,10.38,failure
1516,88.35,361.86,10.37,failure
1517,90.94,360.62,10.34,failure
1518,94.02,354.67,9.76,failure
1519,91.72,353.59,9.23,failure
1520,95.17,357.54,9.21,failure
1521,94.88,349.48,8.65,failure
1522,88.09,302.23,4.19,failure
1523,85.15,298.58,4.32,failure
1524,88.69,301.85,3.63,failure
1525,87.27,320.8,4.33,failure
1526,87.99,323.21,4.31,failure
1527,82.78,318.42,4.51,failure
1528,81.42,310.27,4.1,failure
1529,77.56,302.95,4.17,failure
1530,81.49,309.86,4.32,failure
1531,80.8,303.78,4.65,failure
1532,83.92,309.9,5.51,failure
1533,82.51,311.57,5.54,failure
1534,83.92,327.35,5.78,failure
1535,85.75,331.93,5.97,failure
1536,84.81,325.56,5.85,failure
1537,85.75,323.03,6.01,failure
1538,89.6,323.65,5.35,failure
1539,88.56,334.76,5.42,failure
1540,86.67,339.36,5.37,failure
1541,100.0,400.0,8.85,failure
1542,99.17,386.36,9.16,failure
1543,94.21,400.0,10.67,failure
1544,91.62,395.86,9.95,failure
1545,90.14,386.03,9.97,failure
1546,89.89,378.12,10.05,failure
1547,87.81,384.58,10.07,failure
1548,89.5,383.59,9.7,failure
1549,92.33,386.79,9.9,failure
1550,68.54,349.78,9.11,failure
1551,41.14,289.04,6.47,failure
1552,39.52,273.84,5.97,failure
1553,40.6,268.33,5.27,failure
1554,44.47,259.44,5.95,failure
1555,44.3,259.65,6.4,failure
1556,46.41,262.44,6.22,failure
1557,48.28,269.06,5.46,failure
1558,48.35,250.84,5.4,failure
1559,47.23,247.47,3.79,risk
1560,47.49,235.52,3.99,risk
1561,52.45,228.55,3.95,risk
1562,52.93,218.8,3.55,risk
1563,53.11,217.73,2.87,risk
1564,48.25,210.09,3.17,risk
1565,48.71,217.91,3.12,risk
1566,48.15,222.62,2.99,risk
1567,51.58,212.62,3.17,risk
1568,45.43,209.56,3.16,risk
1569,43.88,220.69,3.82,risk
1570,49.66,221.06,4.41,risk
1571,50.59,202.95,4.73,risk
1572,50.56,210.89,4.55,risk
1573,54.14,209.76,4.28,risk
1574,51.96,202.6,3.71,risk
1575,52.42,198.5,3.96,risk
1576,52.58,210.25,4.15,risk
1577,50.81,209.91,2.97,risk
1578,50.04,209.48,2.66,risk
1579,51.56,214.63,2.94,risk
1580,54.23,223.09,3.13,risk
1581,53.53,226.46,3.53,risk
1582,52.78,215.77,3.44,risk
1583,34.96,195.47,0.0,risk
1584,19.31,168.53,0.0,risk
1585,17.4,152.29,0.01,risk
1586,20.69,157.65,1.23,risk
1587,23.2,153.69,0.89,risk
1588,25.14,154.42,1.16,risk
1589,41.29,232.21,2.86,risk
1590,44.19,237.85,3.78,risk
1591,42.93,249.33,2.87,risk
1592,36.73,250.05,2.65,failure
1593,36.75,235.06,3.67,risk
1594,40.06,231.99,3.64,risk
1595,41.51,244.15,2.57,risk
1596,45.63,245.28,2.23,risk
1597,69.38,298.19,5.66,failure
1598,68.11,303.2,5.6,failure
1599,63.48,297.03,5.34,failure
1600,68.87,294.5,5.01,failure
1601,70.12,290.01,4.75,failure
1602,69.52,303.23,5.1,failure
1603,71.94,294.18,5.55,failure
1604,71.36,298.55,5.54,failure
1605,68.42,291.31,5.13,failure
1606,70.68,292.38,5.42,failure
1607,67.0,296.77,5.09,failure
1608,71.08,293.86,6.19,failure
1609,64.9,281.49,6.85,failure
1610,65.1,287.19,6.74,failure
1611,65.55,284.43,6.74,failure
1612,67.81,285.46,6.22,failure
1613,73.21,282.69,6.08,failure
1614,75.25,289.3,5.57,failure
1615,75.51,295.68,6.39,failure
1616,79.42,284.46,6.79,failure
1617,82.82,283.49,7.52,failure
1618,79.89,297.4,7.93,failure
1619,77.15,292.3,8.11,failure
1620,62.17,215.11,6.77,risk
1621,62.34,216.02,6.38,risk
1622,62.56,225.57,5.71,risk
1623,61.6,226.72,4.79,risk
1624,59.21,228.26,4.71,risk
1625,57.55,241.37,3.75,risk
1626,58.01,238.19,3.81,risk
1627,58.47,234.6,3.92,risk
1628,46.64,198.22,2.96,risk
1629,50.13,204.77,3.02,risk
1630,47.13,222.32,2.17,risk
1631,45.63,227.49,3.33,risk
1632,44.98,224.93,3.3,risk
1633,42.03,214.82,3.78,risk
1634,42.29,200.76,4.07,risk
1635,33.77,195.26,3.82,risk
1636,36.06,204.66,4.06,risk
1637,31.73,200.73,5.55,risk
1638,32.62,197.02,5.51,risk
1639,30.55,185.69,6.16,risk
1640,24.87,190.73,6.05,risk
1641,28.84,189.22,6.13,risk
1642,28.44,193.82,5.85,risk
1643,5.0,131.48,3.78,normal
1644,5.0,103.99,2.37,normal
1645,35.27,138.49,6.3,risk
1646,39.2,147.86,5.67,risk
1647,43.07,140.61,5.74,risk
1648,22.65,59.48,2.61,normal
1649,26.69,66.75,2.57,normal
1650,18.59,57.32,2.64,normal
1651,23.19,58.03,2.4,normal
1652,27.13,66.96,2.41,normal
1653,32.09,71.04,2.99,normal
1654,29.51,65.81,2.65,normal
1655,10.07,25.78,0.77,normal
1656,7.73,31.66,0.49,normal
1657,6.35,28.43,1.05,normal
1658,5.0,24.34,1.09,normal
1659,5.96,16.44,1.45,normal
1660,5.0,12.4,1.42,normal
1661,10.67,14.31,1.0,normal
1662,11.64,18.95,1.6,normal
1663,26.79,60.45,6.65,risk
1664,25.33,60.89,7.05,risk
1665,25.16,66.32,7.39,risk
1666,27.83,64.32,6.99,risk
1667,24.99,52.79,6.77,risk
1668,25.59,62.67,6.51,risk
1669,32.61,60.91,6.0,risk
1670,36.38,38.38,6.02,risk
1671,32.94,53.79,5.47,risk
1672,25.93,48.86,6.21,risk
1673,21.98,48.37,6.25,risk
1674,21.2,51.34,6.34,risk
1675,22.25,52.35,5.55,risk
1676,5.0,10.0,3.86,normal
1677,5.0,11.46,3.37,normal
1678,5.0,19.43,2.92,normal
1679,5.27,19.7,2.74,normal
1680,5.0,13.35,1.71,normal
1681,5.46,16.22,2.37,normal
1682,5.0,22.44,1.64,normal
1683,5.0,10.0,0.26,normal
1684,6.98,10.0,0.28,normal
1685,6.46,11.99,0.0,normal
1686,6.35,10.0,0.0,normal
1687,5.0,12.86,0.0,normal
1688,11.97,10.0,0.0,normal
1689,15.16,15.31,0.0,normal
1690,14.64,10.0,0.12,normal
1691,12.22,10.0,1.13,normal
1692,10.94,10.0,1.03,normal
1693,11.47,13.75,1.16,normal
1694,11.77,12.03,0.25,normal
1695,19.66,13.87,0.0,normal
1696,18.18,10.0,0.0,normal
1697,13.43,10.0,0.08,normal
1698,11.37,16.31,0.0,normal
1699,8.35,10.0,0.1,normal
1700,6.82,10.0,0.12,normal
1701,9.19,10.0,0.28,normal
1702,6.76,10.0,0.72,normal
1703,7.69,19.29,0.5,normal
1704,5.0,29.52,0.5,normal
1705,7.76,18.9,0.49,normal
1706,9.81,24.13,0.0,normal
1707,12.38,21.62,0.0,normal
1708,18.67,26.4,0.0,normal
1709,18.87,26.72,1.1,normal
1710,16.58,22.76,0.87,normal
1711,14.44,25.98,0.63,normal
1712,15.34,24.82,0.9,normal
1713,18.02,14.25,1.03,normal
1714,21.32,10.0,0.79,normal
1715,24.06,10.0,0.91,normal
1716,26.75,10.0,0.22,normal
1717,24.07,20.43,0.0,normal
1718,21.81,32.72,0.0,normal
1719,9.98,10.0,0.0,normal
1720,8.76,10.0,0.0,normal
1721,5.68,18.97,0.11,normal
1722,5.0,32.72,0.02,normal
1723,5.0,39.41,0.0,normal
1724,5.0,47.87,0.0,normal
1725,5.0,46.24,0.0,normal
1726,8.08,41.19,0.0,normal
1727,5.0,36.33,0.0,normal
1728,11.0,30.06,1.19,normal
1729,10.65,32.51,2.11,normal
1730,5.0,20.46,2.34,normal
1731,9.4,21.48,2.05,normal
1732,9.8,14.63,1.57,normal
1733,9.64,16.92,1.66,normal
1734,8.41,22.82,1.55,normal
1735,5.0,34.97,1.8,normal
1736,5.0,41.43,2.19,normal
1737,6.38,55.53,2.81,normal
1738,8.55,53.45,2.64,normal
1739,12.2,64.66,3.9,normal
1740,12.42,65.43,4.09,risk
1741,10.95,70.33,3.88,normal
1742,8.59,72.02,3.19,normal
1743,8.23,70.52,3.59,normal
1744,9.35,74.99,3.64,normal
1745,12.62,65.67,2.84,normal
1746,11.23,57.15,3.25,normal
1747,6.71,65.09,3.48,normal
1748,14.67,74.6,3.07,normal
1749,16.82,74.07,3.34,normal
1750,18.3,61.15,3.31,normal
1751,21.21,64.7,3.4,normal
1752,15.31,73.94,3.35,normal
1753,17.44,64.69,4.62,risk
1754,23.79,54.09,5.03,risk
1755,5.0,10.0,1.88,normal
1756,5.0,10.0,2.18,normal
1757,5.0,10.0,1.92,normal
1758,5.0,15.93,1.77,normal
1759,5.45,17.19,1.87,normal
1760,5.0,28.38,1.75,normal
1761,5.0,29.89,1.33,normal
1762,5.0,32.55,0.45,normal
1763,25.0,106.19,2.83,normal
1764,26.01,111.59,2.02,normal
1765,21.99,100.42,2.71,normal
1766,17.22,110.76,3.03,normal
1767,15.18,107.03,2.82,normal
1768,7.37,118.47,3.32,normal
1769,8.01,118.13,3.18,normal
1770,5.09,121.53,2.64,normal
1771,6.6,120.73,2.66,normal
1772,8.65,115.66,3.26,normal
1773,14.01,110.16,4.47,risk
1774,12.19,105.11,4.86,risk
1775,14.17,111.92,4.87,risk
1776,17.62,106.94,5.38,risk
1777,16.06,98.95,4.51,risk
1778,15.25,93.11,4.39,risk
1779,13.73,106.82,4.96,risk
1780,15.29,113.55,5.43,risk
1781,15.85,111.66,4.03,risk
1782,17.02,105.79,3.8,normal
1783,17.04,93.36,3.87,normal
1784,17.17,79.84,3.91,normal
1785,18.59,89.16,3.87,normal
1786,16.49,86.02,4.0,risk
1787,19.74,86.03,3.67,normal
1788,17.74,93.17,4.55,risk
1789,19.18,97.56,4.61,risk
1790,16.58,97.67,4.69,risk
1791,21.48,107.74,5.6,risk
1792,20.07,93.0,5.13,risk
1793,20.37,91.43,4.77,risk
1794,19.42,92.55,5.19,risk
1795,17.7,102.73,4.4,risk
1796,16.48,100.24,4.48,risk
1797,10.57,109.22,5.29,risk
1798,14.0,106.93,4.72,risk
1799,15.73,126.64,4.66,risk
1800,10.67,133.95,4.94,risk
1801,9.28,124.11,4.67,risk
1802,9.42,122.57,4.03,risk
1803,12.68,119.36,4.11,risk
1804,10.52,125.02,3.97,normal
1805,13.68,121.48,4.39,risk
1806,16.06,119.11,4.26,risk
1807,15.32,115.57,3.64,normal
1808,18.91,122.27,4.0,normal
1809,18.66,136.5,4.32,risk
1810,14.55,128.66,4.89,risk
1811,18.37,137.39,4.86,risk
1812,15.2,144.31,5.5,risk
1813,22.62,141.68,5.43,risk
1814,23.71,147.9,5.53,risk
1815,17.03,152.3,5.35,risk
1816,16.55,157.71,5.38,risk
1817,17.02,134.33,4.81,risk
1818,20.84,133.38,5.24,risk
1819,22.78,135.35,5.17,risk
1820,8.41,96.77,3.23,normal
1821,12.65,105.63,3.51,normal
1822,14.59,106.81,3.77,normal
1823,28.55,151.97,6.94,risk
1824,23.38,153.89,6.82,risk
1825,25.56,134.48,7.23,risk
1826,22.35,122.16,7.97,risk
1827,24.74,108.26,9.02,failure
1828,23.66,91.9,9.59,failure
1829,20.49,94.57,9.82,failure
1830,20.98,92.77,8.9,failure
1831,21.84,107.63,8.02,failure
1832,26.73,109.11,8.82,failure
1833,25.54,115.32,9.07,failure
1834,26.79,119.55,8.58,failure
1835,23.23,115.59,8.14,failure
1836,5.0,93.4,6.34,risk
1837,5.0,89.29,6.79,risk
1838,8.77,98.79,6.39,risk
1839,5.31,101.99,5.38,risk
1840,5.0,101.75,5.62,risk
1841,7.3,102.43,5.97,risk
1842,6.5,103.08,6.21,risk
1843,7.3,105.2,5.88,risk
1844,5.0,107.89,6.14,risk
1845,5.0,104.0,6.61,risk
1846,5.0,93.2,7.32,risk
1847,27.53,136.04,11.81,failure
1848,26.27,123.56,11.42,failure
1849,31.83,134.88,11.16,failure
1850,36.96,129.72,11.86,failure
1851,36.12,120.46,12.09,failure
1852,35.8,128.88,11.63,failure
1853,33.51,118.53,11.47,failure
1854,29.63,107.44,11.56,failure
1855,17.43,40.34,10.08,failure
1856,14.63,31.74,9.51,failure
1857,20.76,23.28,9.83,failure
1858,17.83,24.56,9.61,failure
1859,15.54,29.08,9.96,failure
1860,14.87,31.33,9.88,failure
1861,16.17,17.61,10.29,failure
1862,12.9,16.62,9.73,failure
1863,30.6,107.26,12.22,failure
1864,21.18,113.61,12.47,failure
1865,25.23,114.66,12.76,failure
1866,23.52,99.82,12.38,failure
1867,25.06,102.08,12.25,failure
1868,23.87,93.09,12.09,failure
1869,26.59,90.9,11.94,failure
1870,30.47,94.28,12.01,failure
1871,31.15,106.46,11.8,failure
1872,29.47,119.29,12.16,failure
1873,27.55,132.37,12.0,failure
1874,26.55,121.62,12.29,failure
1875,30.83,116.77,12.28,failure
1876,30.44,116.57,12.51,failure
1877,27.37,123.26,12.12,failure
1878,23.89,124.45,12.63,failure
1879,23.51,114.23,12.82,failure
1880,20.68,112.22,12.46,failure
1881,20.25,115.96,12.35,failure
1882,25.83,118.17,12.98,failure
1883,26.18,107.08,12.93,failure
1884,30.17,105.88,11.98,failure
1885,40.8,100.36,12.47,failure
1886,38.42,77.78,12.32,failure
1887,38.27,75.62,12.36,failure
1888,37.76,68.47,12.66,failure
1889,36.91,70.17,12.31,failure
1890,33.81,75.51,13.18,failure
1891,32.08,68.08,13.75,failure
1892,35.34,51.37,13.15,failure
1893,36.16,62.78,12.88,failure
1894,18.15,15.93,9.0,failure
1895,22.51,21.51,8.83,failure
1896,26.16,22.75,8.19,failure
1897,22.47,20.02,8.7,failure
1898,6.25,10.0,6.37,risk
1899,7.6,10.0,6.52,risk
1900,6.77,10.0,7.81,risk
1901,7.29,11.49,7.69,risk
1902,8.28,10.0,7.73,risk
1903,10.27,16.67,8.03,failure
1904,13.55,18.24,7.96,risk
1905,13.9,22.82,7.77,risk
1906,11.06,22.73,7.36,risk
1907,13.87,30.25,7.0,risk
1908,14.6,34.79,6.98,risk
1909,14.7,41.9,7.67,risk
1910,13.79,57.86,7.52,risk
1911,15.91,58.44,8.24,failure
1912,12.45,70.98,8.0,failure
1913,16.05,77.43,7.89,risk
1914,14.06,85.95,7.97,risk
1915,10.71,68.84,7.87,risk
1916,11.47,72.72,7.7,risk
1917,13.67,69.96,8.86,failure
1918,12.89,80.16,8.39,failure
1919,15.67,78.31,8.37,failure
1920,13.44,79.43,8.64,failure
1921,13.83,85.61,8.42,failure
1922,15.7,90.82,8.91,failure
1923,5.0,52.05,5.78,risk
1924,5.0,53.5,5.54,risk
1925,5.0,53.08,5.86,risk
1926,8.53,42.58,6.13,risk
1927,5.0,35.87,5.52,risk
1928,5.0,27.02,5.37,risk
1929,5.0,37.66,4.54,risk
1930,5.0,51.07,4.32,risk
1931,5.0,44.39,3.77,normal
1932,13.31,42.37,2.81,normal
1933,17.79,34.91,3.14,normal
1934,23.15,31.44,3.89,normal
1935,26.98,26.23,2.96,normal
1936,25.71,29.41,2.73,normal
1937,24.79,22.66,3.08,normal
1938,26.07,25.79,3.09,normal
1939,28.75,13.26,3.29,normal
1940,26.47,10.0,3.36,normal
1941,23.28,14.27,2.47,normal
1942,25.77,17.26,2.58,normal
1943,28.87,25.88,2.54,normal
1944,28.01,17.9,2.31,normal
1945,24.72,14.31,2.11,normal
1946,20.38,17.21,1.71,normal
1947,23.61,28.49,1.55,normal
1948,25.13,27.0,2.25,normal
1949,24.5,19.52,2.29,normal
1950,24.59,18.22,2.45,normal
1951,26.84,23.1,2.29,normal
1952,23.82,24.44,1.2,normal
1953,5.83,10.0,0.0,normal
1954,5.0,10.0,0.56,normal
1955,6.29,25.27,0.04,normal
1956,5.0,21.39,0.0,normal
1957,5.0,34.53,0.0,normal
1958,5.0,34.45,0.0,normal
1959,5.0,47.94,0.0,normal
1960,5.0,41.28,0.0,normal
1961,6.34,43.98,0.18,normal
1962,6.26,40.77,0.57,normal
1963,5.0,37.83,0.01,normal
1964,5.0,36.43,0.0,normal
1965,5.0,32.38,0.5,normal
1966,7.65,36.52,0.73,normal
1967,10.31,32.8,1.15,normal
1968,13.42,31.77,1.02,normal
1969,12.09,23.87,0.23,normal
1970,11.61,32.77,0.2,normal
1971,14.14,32.85,0.13,normal
1972,9.38,37.9,0.39,normal
1973,7.54,40.93,0.3,normal
1974,7.16,39.28,0.38,normal
1975,11.77,38.09,0.92,normal
1976,14.03,35.43,0.72,normal
1977,15.49,32.58,0.9,normal
1978,18.8,34.5,0.87,normal
1979,20.06,21.13,1.92,normal
1980,23.66,15.12,2.44,normal
1981,24.02,16.62,3.02,normal
1982,27.03,13.31,3.88,normal
1983,25.96,10.0,3.49,normal
1984,28.38,16.63,4.18,risk
1985,28.51,21.39,4.23,risk
1986,30.25,22.97,3.3,normal
1987,27.9,19.74,2.31,normal
1988,6.12,10.0,0.0,normal
1989,6.87,10.0,0.0,normal
1990,9.73,27.37,0.0,normal
1991,7.27,17.86,0.22,normal
1992,9.7,27.72,0.0,normal
1993,7.91,34.28,0.0,normal
1994,5.0,31.87,0.16,normal
1995,5.0,43.14,0.1,normal
1996,5.0,26.71,0.28,normal
1997,5.22,23.27,1.29,normal
1998,5.0,20.58,1.13,normal
1999,5.0,24.34,1.18,normal
